,Cloudiness,Humidity,Latitude,Longitude,Temperature,Windspeed,Country,Date
0,100,91,-0.13,-67.09,76.1,2.21,BR,1605699272
1,20,88,35.13,140.3,66.0,9.17,JP,1605699272
2,75,69,-20.41,57.7,77.0,11.41,MU,1605699272
3,40,80,-33.65,115.33,58.42,8.12,AU,1605699273
4,1,83,21.35,-158.09,77.0,10.42,US,1605698990
5,100,92,72.79,-56.15,29.1,6.62,GL,1605699273
6,8,71,-9.66,120.26,83.52,9.35,ID,1605699273
7,72,93,71.92,114.08,4.96,11.7,RU,1605699273
8,83,68,41.76,86.15,38.86,9.1,CN,1605699273
9,75,85,71.29,-156.79,17.6,11.41,US,1605699273
10,100,94,-21.21,-159.78,75.2,12.75,CK,1605699274
11,90,93,40.6,-124.16,54.0,12.75,US,1605699187
12,100,81,-10.45,161.92,80.67,6.76,SB,1605699274
13,36,77,35.7,138.45,62.01,1.03,JP,1605699274
14,20,71,-53.15,-70.92,51.8,25.28,CL,1605699030
15,75,93,60.0,17.75,54.0,12.75,SE,1605699171
16,74,81,-46.19,168.86,51.01,4.0,NZ,1605699274
17,92,52,-42.78,147.06,62.01,3.0,AU,1605698983
18,100,84,-3.8,102.27,79.84,5.14,ID,1605699275
19,72,82,-23.12,-134.97,74.89,10.76,PF,1605699275
20,92,81,4.14,96.13,80.29,2.44,ID,1605699275
21,24,77,21.46,-71.14,80.69,13.2,TC,1605699275
22,0,94,65.61,72.68,13.59,12.68,RU,1605699275
23,20,94,-21.2,-175.2,71.6,4.7,TO,1605699275
24,90,95,64.56,39.83,32.0,11.18,RU,1605699243
25,77,22,-20.15,28.58,87.04,5.14,ZW,1605699276
26,8,59,-22.96,14.51,66.2,8.05,NA,1605699197
27,97,81,-33.59,26.89,68.02,15.3,ZA,1605699276
28,90,64,19.73,-155.09,73.4,6.93,US,1605699162
29,62,81,-46.6,168.33,51.01,4.0,NZ,1605699276
30,100,71,-38.27,141.97,61.43,6.67,AU,1605699277
31,0,24,27.04,14.43,73.02,0.87,LY,1605699277
32,40,93,35.73,140.83,60.01,3.36,JP,1605699149
33,75,77,-34.53,20.04,66.2,11.41,ZA,1605699203
34,98,48,-23.53,148.17,84.2,18.34,AU,1605699277
35,0,93,66.83,70.83,16.63,19.51,RU,1605699277
36,33,70,-34.42,19.23,69.01,5.01,ZA,1605699277
37,100,90,66.77,123.37,-5.66,17.36,RU,1605699076
38,90,93,38.42,-121.42,55.99,5.82,US,1605699163
39,90,100,50.7,-127.42,44.6,3.36,CA,1605699278
40,90,73,42.25,-75.83,23.0,12.75,US,1605699278
41,20,56,-33.93,18.42,73.99,25.28,ZA,1605699215
42,60,88,-21.04,-57.87,75.2,9.55,PY,1605699278
43,99,93,53.94,139.92,10.02,13.89,RU,1605699278
44,2,78,-9.8,-139.03,77.52,17.43,PF,1605699279
45,41,53,40.16,-8.33,75.99,3.6,PT,1605699136
46,100,83,-24.87,113.63,71.6,20.8,AU,1605699279
47,90,57,-21.36,55.77,78.8,16.11,RE,1605699279
48,40,73,-17.82,25.15,77.0,12.75,BW,1605699279
49,22,75,50.33,7.22,57.99,1.01,DE,1605699279
50,100,94,-34.0,24.73,63.0,8.01,ZA,1605699279
51,39,74,3.07,172.79,81.93,18.03,KI,1605699279
52,20,73,32.67,-17.1,71.6,16.11,PT,1605699279
53,99,40,-37.05,142.77,61.74,2.53,AU,1605699280
54,87,97,46.43,26.4,43.0,3.4,RO,1605699280
55,88,91,-0.74,-90.35,69.01,3.0,EC,1605699280
56,44,77,-33.87,121.9,64.4,9.17,AU,1605699280
57,40,83,13.59,-89.83,71.6,16.11,SV,1605699235
58,0,89,64.89,-23.71,29.21,9.08,IS,1605699281
59,90,96,42.1,-79.24,26.01,5.82,US,1605699210
60,20,83,5.84,118.12,82.4,4.7,MY,1605699072
61,98,65,-10.41,-36.43,84.25,12.55,BR,1605699281
62,90,92,63.75,-68.51,28.4,6.93,CA,1605699281
63,100,95,62.59,40.61,27.32,17.43,RU,1605699281
64,100,39,-35.12,139.27,70.0,1.14,AU,1605699281
65,20,88,33.95,130.95,66.2,8.05,JP,1605699281
66,93,89,-46.28,169.85,50.0,10.0,NZ,1605699282
67,95,75,6.23,120.56,84.58,4.52,PH,1605699282
68,0,47,51.32,42.77,28.0,1.01,RU,1605699282
69,90,93,64.3,41.92,32.0,11.18,RU,1605699165
70,100,98,65.7,82.47,26.4,10.29,RU,1605699282
71,0,86,63.83,20.26,39.2,6.93,SE,1605699203
72,0,31,14.92,-23.51,87.8,17.22,CV,1605699283
73,100,89,8.0,124.29,80.01,5.99,PH,1605699283
74,0,23,-23.72,44.38,94.12,16.67,MG,1605699283
75,0,66,-51.62,-69.22,53.6,20.8,AR,1605699283
76,46,83,22.29,114.16,73.99,10.0,HK,1605699283
77,40,100,5.41,100.34,82.0,11.41,MY,1605699283
78,90,59,37.94,22.96,66.0,9.17,GR,1605699283
79,100,89,77.48,-69.36,25.39,14.43,GL,1605699284
80,100,74,62.23,-6.59,35.6,19.46,FO,1605699284
81,84,93,69.45,-133.04,-0.08,5.21,CA,1605699284
82,100,89,71.69,128.87,-1.5,30.38,RU,1605699284
83,5,67,65.61,-37.64,19.4,11.41,GL,1605699284
84,19,13,20.2,1.01,86.34,13.98,ML,1605699284
85,0,76,42.25,-2.5,53.6,2.24,ES,1605699285
86,90,77,-12.12,-77.05,64.4,4.7,PE,1605699285
87,99,92,50.7,103.47,16.66,4.38,RU,1605699285
88,52,90,70.63,147.92,-12.82,10.87,RU,1605699285
89,100,95,-24.79,-50.01,59.14,6.42,BR,1605699092
90,36,96,59.65,67.41,16.29,6.22,RU,1605699285
91,0,53,42.6,-73.97,23.0,3.0,US,1605699285
92,30,74,-35.17,173.17,59.34,12.37,NZ,1605699286
93,5,73,22.89,-109.91,69.8,2.73,MX,1605699214
94,55,58,16.86,-99.89,76.98,4.56,MX,1605699013
95,0,69,30.01,120.57,79.0,4.47,CN,1605699286
96,2,53,28.23,83.98,60.87,2.42,NP,1605699286
97,75,72,65.28,-126.83,15.8,8.05,CA,1605699286
98,91,96,69.7,170.31,10.15,2.21,RU,1605699286
99,92,51,4.12,43.89,82.58,13.51,SO,1605699286
100,40,94,24.8,125.28,77.0,6.93,JP,1605699287
101,0,35,-25.17,45.05,88.66,15.05,MG,1605699287
102,75,30,37.1,-113.58,57.0,6.93,US,1605698998
103,75,69,-20.34,57.76,78.01,11.41,MU,1605699287
104,100,84,17.67,-96.13,68.52,3.31,MX,1605699287
105,90,93,44.82,26.48,50.0,17.22,RO,1605699287
106,90,92,39.45,-84.57,32.0,1.19,US,1605699183
107,15,15,18.44,1.41,86.13,15.23,ML,1605699288
108,3,75,-22.67,167.48,72.66,15.66,NC,1605699288
109,0,68,-33.01,17.94,75.2,17.22,ZA,1605699288
110,77,78,-0.6,73.08,82.56,14.32,MV,1605699288
111,40,55,41.28,-70.1,35.6,20.8,US,1605699278
112,60,82,42.03,-8.16,64.0,7.0,PT,1605699288
113,0,71,-54.8,-68.3,50.0,4.7,AR,1605699084
114,100,92,53.09,21.58,52.0,1.01,PL,1605699289
115,15,84,-35.62,174.5,55.99,5.01,NZ,1605699289
116,30,89,69.38,178.42,21.83,1.7,RU,1605699289
117,90,79,52.59,34.28,24.8,13.42,RU,1605699289
118,90,83,-9.44,147.18,82.4,4.7,PG,1605699289
119,6,77,-34.58,150.86,64.99,10.45,AU,1605699289
120,100,91,60.9,131.96,-1.01,3.69,RU,1605699290
121,98,82,-2.65,10.0,78.87,9.91,GA,1605699290
122,75,39,69.22,-51.1,30.2,19.46,GL,1605699290
123,90,87,45.52,-122.68,48.2,12.75,US,1605698829
124,0,72,66.04,-17.34,17.6,3.36,IS,1605699290
125,0,25,18.09,-15.98,86.0,18.34,MR,1605699290
126,90,93,44.6,25.85,50.0,17.22,RO,1605699290
127,96,93,53.96,105.88,16.79,5.48,RU,1605699291
128,20,74,1.05,101.28,86.0,2.89,ID,1605699291
129,18,58,-14.27,50.17,80.35,14.83,MG,1605699291
130,90,83,67.8,130.41,-2.25,3.69,RU,1605699291
131,47,24,10.61,12.19,86.83,6.98,NG,1605699291
132,0,46,37.47,-4.44,73.99,1.01,ES,1605699291
133,20,62,78.22,15.64,19.4,16.11,SJ,1605699292
134,0,82,61.68,64.48,20.12,7.47,RU,1605699292
135,33,65,-33.7,-53.46,65.7,5.44,UY,1605699292
136,20,69,16.89,-24.98,80.6,23.04,CV,1605699292
137,40,94,22.08,-159.32,75.2,11.41,US,1605699292
138,44,74,-35.33,-72.42,58.15,4.43,CL,1605699292
139,75,80,70.95,27.35,41.0,21.92,NO,1605699292
140,40,83,-33.02,27.91,71.6,16.11,ZA,1605699293
141,3,60,-20.01,57.66,79.0,13.0,MU,1605698995
142,0,76,42.56,-2.36,53.6,2.24,ES,1605699293
143,90,93,47.6,-53.26,39.2,6.93,CA,1605699293
144,100,87,-40.85,172.8,54.0,1.01,NZ,1605699293
145,90,84,55.74,-97.86,8.6,5.82,CA,1605699293
146,90,71,-8.27,-72.74,78.67,2.44,BR,1605699293
147,100,82,-2.67,141.3,81.01,6.49,PG,1605699294
148,97,91,55.21,34.3,27.1,15.3,RU,1605699294
149,0,57,20.18,94.88,76.28,1.97,MM,1605699294
150,2,7,38.97,-0.18,68.0,4.43,ES,1605699294
151,0,64,28.24,-82.72,55.99,17.85,US,1605699084
152,45,84,31.81,121.66,75.99,1.99,CN,1605699140
153,34,13,22.68,-3.98,86.38,15.05,ML,1605699295
154,60,70,49.15,20.96,52.0,4.0,SK,1605699295
155,46,87,57.72,38.93,27.41,15.52,RU,1605699295
156,92,82,-13.88,167.55,79.81,22.28,VU,1605699296
157,0,45,-38.95,-68.06,66.2,2.24,AR,1605699296
158,75,69,-20.21,57.76,78.01,11.41,MU,1605699296
159,0,73,-28.77,114.6,69.8,13.87,AU,1605699057
160,1,50,41.37,-73.41,28.99,4.7,US,1605699296
161,76,64,-30.18,-50.21,67.12,2.82,BR,1605699296
162,90,85,60.14,-45.24,33.1,21.97,GL,1605699297
163,100,88,-34.05,23.37,61.2,7.07,ZA,1605699297
164,16,59,-15.43,49.73,78.12,9.01,MG,1605699297
165,1,47,57.79,-152.41,35.6,11.41,US,1605699297
166,75,35,60.92,-46.05,39.2,23.04,GL,1605699297
167,16,73,28.37,129.48,77.0,9.17,JP,1605699298
168,56,95,71.97,102.5,6.55,15.84,RU,1605699298
169,90,87,34.64,-120.46,53.6,8.05,US,1605699298
170,20,77,56.13,41.7,26.01,13.11,RU,1605699298
171,98,89,-6.84,-79.93,62.46,9.19,PE,1605699298
172,20,44,34.77,32.42,77.0,10.29,CY,1605699019
173,100,76,14.92,-89.9,71.17,3.96,GT,1605699299
174,92,91,63.28,118.33,2.89,10.0,RU,1605699299
175,75,86,44.65,-63.57,32.0,5.82,CA,1605699032
176,75,83,-9.67,-35.74,80.6,11.41,BR,1605699176
177,6,42,22.57,59.53,79.43,7.23,OM,1605699299
178,77,94,-35.72,150.18,64.0,5.57,AU,1605699299
179,94,88,7.88,-76.63,74.66,5.35,CO,1605699299
180,40,28,32.87,59.22,57.2,11.41,IR,1605699280
181,1,80,32.35,-85.2,44.6,6.53,US,1605699300
182,75,84,62.46,-114.35,1.99,9.17,CA,1605699300
183,90,94,-0.72,8.78,80.6,13.87,GA,1605699300
184,100,24,-25.24,130.99,89.6,17.22,AU,1605699300
185,99,85,68.31,-53.46,29.84,11.86,GL,1605699301
186,0,53,-26.65,15.16,75.2,28.86,NA,1605699301
187,0,53,63.84,-22.43,23.0,5.82,IS,1605699301
188,100,88,52.52,99.83,6.17,3.29,RU,1605699302
189,90,68,40.43,71.72,32.0,6.93,UZ,1605699302
190,1,25,6.75,11.82,89.02,4.76,CM,1605699302
191,100,78,8.08,77.57,82.6,11.86,IN,1605699302
192,25,60,17.96,-102.2,76.46,4.56,MX,1605699274
193,75,93,70.37,31.11,39.2,31.09,NO,1605699302
194,40,54,38.52,-28.7,59.0,6.93,PT,1605699303
195,75,100,60.4,-1.35,51.8,20.8,GB,1605699058
196,0,56,-21.22,48.33,79.0,10.74,MG,1605699303
197,15,77,-37.02,175.85,56.64,12.88,NZ,1605699303
198,100,93,64.7,43.39,28.72,16.53,RU,1605699303
199,25,79,-16.7,-151.02,79.81,11.95,PF,1605699303
200,27,87,-45.42,167.72,40.37,2.64,NZ,1605699304
201,100,77,33.26,115.36,58.55,3.83,CN,1605699304
202,90,92,69.49,88.4,17.6,22.37,RU,1605699306
203,75,88,-4.28,-55.98,78.8,1.95,BR,1605699306
204,67,55,27.52,88.53,57.2,3.09,IN,1605699306
205,0,20,18.69,12.92,79.39,7.72,NE,1605699306
206,86,72,48.88,-72.45,17.6,12.75,CA,1605699306
207,75,70,13.22,80.32,84.2,9.17,IN,1605699306
208,100,94,-9.88,-56.09,75.38,4.65,BR,1605699307
209,100,99,73.51,80.55,31.17,32.5,RU,1605699307
210,41,90,-13.7,-76.22,62.01,1.99,PE,1605699267
211,100,96,58.45,92.17,14.16,7.47,RU,1605699307
212,0,68,-42.88,147.33,64.4,11.41,AU,1605699220
213,40,78,9.97,98.63,82.4,5.1,TH,1605699307
214,1,69,39.6,-110.81,35.6,6.93,US,1605699307
215,95,94,-8.75,148.25,74.91,2.75,PG,1605699308
216,95,35,-34.73,135.87,73.56,15.75,AU,1605699308
217,90,93,47.67,-52.73,39.0,8.05,CA,1605699308
218,40,58,17.02,54.09,84.2,8.05,OM,1605699102
219,1,73,20.89,-156.47,75.2,9.17,US,1605699308
220,75,94,-22.97,-42.03,71.6,4.7,BR,1605699308
221,84,96,59.06,80.86,16.93,7.83,RU,1605699309
222,100,90,61.67,96.37,4.08,2.82,RU,1605699309
223,19,66,40.85,-80.61,30.99,1.99,US,1605699309
224,95,22,-21.42,25.58,92.03,10.36,BW,1605699309
225,90,93,59.7,30.79,39.99,11.18,RU,1605699309
226,94,20,11.52,7.31,83.71,13.53,NG,1605699309
227,0,35,-21.95,27.9,87.8,11.41,BW,1605699310
228,90,100,43.06,44.74,39.2,6.71,RU,1605699310
229,100,99,66.32,-179.17,26.91,9.82,RU,1605699310
230,90,78,56.25,-117.29,8.6,10.29,CA,1605699310
231,0,67,-38.0,-57.56,60.01,12.75,AR,1605699254
232,72,86,-38.55,-58.74,59.0,4.0,AR,1605699310
233,41,80,27.98,-114.06,64.99,10.02,MX,1605699311
234,0,60,20.86,92.31,77.36,13.22,BD,1605699311
235,98,85,65.42,-52.9,34.57,24.45,GL,1605699311
236,90,57,-21.37,55.62,78.8,16.11,RE,1605699311
237,35,34,-10.16,32.63,86.25,7.02,ZM,1605699311
238,75,87,-29.95,-71.34,53.6,4.7,CL,1605699099
239,20,87,28.02,-97.52,64.4,6.93,US,1605699311
240,64,81,-46.13,167.68,51.01,4.0,NZ,1605699312
241,0,84,46.79,48.01,32.0,20.13,RU,1605699312
242,0,38,29.62,51.65,66.49,6.71,IR,1605699312
243,38,79,14.32,99.52,77.99,3.18,TH,1605699312
244,90,92,70.47,-68.59,17.6,24.16,CA,1605699312
245,0,43,-43.3,-65.1,65.32,3.2,AR,1605699047
246,100,82,-8.47,140.33,81.66,15.41,ID,1605699312
247,40,74,63.44,-20.27,28.4,8.05,IS,1605699313
248,0,73,28.66,-17.92,75.2,16.11,ES,1605699313
249,80,57,-4.56,-37.77,86.43,12.44,BR,1605699313
250,76,11,13.57,-8.03,92.71,13.38,ML,1605699313
251,100,79,-7.02,107.6,74.32,1.05,ID,1605699126
252,100,94,64.38,-173.3,34.3,10.49,RU,1605699313
253,29,71,-36.31,-57.68,65.88,8.95,AR,1605699314
254,0,72,-32.95,-60.64,71.01,8.05,AR,1605699314
255,52,81,9.7,-73.28,76.17,1.48,CO,1605699314
256,99,84,-18.09,-39.55,79.92,9.1,BR,1605699314
257,91,63,41.25,31.83,53.29,5.55,TR,1605699314
258,2,63,50.86,0.57,57.99,7.0,GB,1605699210
259,100,93,68.75,161.3,-1.77,3.24,RU,1605699315
260,71,16,20.5,-10.07,82.17,15.32,MR,1605699315
261,100,74,-2.57,150.8,82.04,3.36,PG,1605699315
262,20,72,60.55,-151.26,12.2,4.43,US,1605699315
263,28,43,26.6,79.47,75.18,3.33,IN,1605699315
264,56,56,-3.28,-39.27,87.71,12.1,BR,1605699316
265,20,78,17.96,-77.25,77.0,8.05,JM,1605699316
266,100,95,56.83,86.63,13.86,11.32,RU,1605699316
267,75,100,64.75,177.48,35.6,38.03,RU,1605699316
268,37,42,2.79,24.73,91.42,2.84,CD,1605699316
269,7,30,5.6,27.47,92.46,5.48,SS,1605699316
270,23,45,39.02,31.15,52.79,5.95,TR,1605699317
271,2,38,27.05,74.72,71.67,4.65,IN,1605699317
272,0,10,-23.32,17.08,93.42,19.42,NA,1605699317
273,75,93,59.36,5.22,53.01,21.92,NO,1605699317
274,99,76,-11.05,-45.19,76.82,1.43,BR,1605699317
275,99,75,-14.1,-46.63,77.31,3.24,BR,1605699317
276,100,93,54.43,31.9,30.54,15.84,RU,1605699318
277,80,57,39.05,-27.98,59.02,9.75,PT,1605699318
278,0,89,54.72,135.31,7.23,24.32,RU,1605699318
279,81,70,48.01,91.64,16.88,6.08,MN,1605699318
280,0,62,38.61,-89.37,34.0,7.0,US,1605699318
281,0,82,24.33,93.67,58.08,2.3,IN,1605699318
282,16,57,-30.55,29.42,76.24,4.94,ZA,1605699193
283,75,88,22.4,-79.97,75.2,10.29,CU,1605699133
284,0,73,16.49,97.63,79.61,4.32,MM,1605699319
285,1,52,40.92,-98.34,45.0,12.75,US,1605699225
286,100,84,17.89,-77.59,73.45,5.08,JM,1605699319
287,0,66,19.32,95.18,75.29,1.88,MM,1605699080
288,0,59,49.21,-0.31,60.8,14.99,FR,1605699320
289,0,57,46.62,10.7,53.01,3.36,IT,1605699320
290,40,88,18.42,-64.62,81.0,6.93,VG,1605699144
291,0,100,-12.74,-60.15,71.6,6.93,BR,1605699320
292,40,41,31.59,54.43,60.8,2.24,IR,1605699320
293,4,51,-34.18,-70.67,63.5,3.42,CL,1605699320
294,1,36,40.52,-111.94,64.4,24.16,US,1605699321
295,100,89,68.05,166.44,-4.92,1.79,RU,1605699321
296,78,30,11.58,-15.0,95.67,2.17,GW,1605699321
297,90,91,66.0,111.5,3.2,6.71,RU,1605699321
298,99,72,43.27,20.0,45.79,3.89,RS,1605699321
299,97,83,12.18,125.51,81.91,7.47,PH,1605699321
300,98,66,-8.9,-35.15,83.14,10.74,BR,1605699321
301,75,78,-15.86,-38.88,78.8,11.41,BR,1605699322
302,0,56,14.9,-24.5,83.32,9.22,CV,1605699322
303,0,75,61.36,63.58,20.79,5.97,RU,1605699322
304,0,77,-22.28,166.46,69.8,6.93,NC,1605699322
305,0,36,28.28,79.15,72.91,5.03,IN,1605699322
306,100,88,45.63,85.18,27.25,4.05,CN,1605699322
307,8,47,18.85,82.58,73.71,2.62,IN,1605699322
308,0,42,51.02,45.7,24.01,1.01,RU,1605699323
309,75,94,-9.43,159.95,77.0,13.87,SB,1605699323
310,64,90,-0.58,117.09,76.69,1.72,ID,1605699323
311,17,80,-16.48,-151.75,78.94,11.63,PF,1605699323
312,0,88,44.17,66.75,17.76,16.11,KZ,1605699323
313,75,35,-13.31,35.24,84.2,5.82,MZ,1605699323
314,1,60,34.23,-77.94,42.01,10.29,US,1605699170
315,100,79,10.57,72.64,82.02,14.16,IN,1605699324
316,100,80,9.19,117.81,81.39,4.76,PH,1605699324
317,91,80,10.35,107.08,81.39,15.17,VN,1605699324
318,20,56,-17.88,36.89,93.2,13.87,MZ,1605699324
319,100,95,65.58,-171.0,33.01,16.75,RU,1605699324
320,82,69,-2.02,147.27,82.65,4.27,PG,1605699324
321,81,83,-25.3,152.85,73.99,5.99,AU,1605699325
322,0,68,30.48,-115.95,62.6,4.0,MX,1605699325
323,0,20,3.12,35.6,96.76,18.03,KE,1605699325
324,100,91,68.05,39.51,36.59,28.57,RU,1605699325
325,90,88,-33.92,25.57,66.2,11.41,ZA,1605699325
326,90,88,57.05,-135.33,32.0,4.7,US,1605699326
327,100,47,-15.47,-69.43,49.26,2.91,PE,1605699326
328,1,75,64.86,-147.8,-0.99,4.7,US,1605699326
329,70,59,-3.48,23.43,85.05,3.69,CD,1605699326
330,46,88,26.89,88.07,51.96,2.19,NP,1605699326
331,100,59,32.77,22.64,68.7,5.64,LY,1605699326
332,90,87,43.41,-124.22,52.0,17.22,US,1605699326
333,40,78,13.07,-59.53,80.6,11.41,BB,1605699327
334,0,34,27.91,-15.54,82.4,6.93,ES,1605699327
335,100,91,66.15,-65.71,32.36,6.69,CA,1605699327
336,93,64,-14.66,17.69,77.29,5.23,AO,1605699327
337,72,72,-11.38,43.28,81.28,9.69,KM,1605699327
338,48,14,12.28,-10.97,96.57,7.02,ML,1605699327
339,0,87,45.17,10.78,46.4,4.7,IT,1605699327
340,99,36,22.24,68.97,80.78,9.13,IN,1605699328
341,0,65,28.5,-106.0,52.47,5.32,MX,1605699233
342,0,43,-25.4,-70.48,65.44,4.7,CL,1605699328
343,1,64,30.05,-98.03,45.0,2.84,US,1605699223
344,1,83,21.39,-158.15,77.0,8.28,US,1605699328
345,53,42,40.56,65.69,26.6,16.11,UZ,1605699328
346,99,76,-14.47,-48.46,79.0,2.89,BR,1605699329
347,0,88,4.93,-52.33,82.4,4.7,GF,1605699329
348,0,64,27.27,31.15,68.0,5.82,EG,1605699329
349,40,74,-5.2,-35.46,82.4,13.87,BR,1605699329
350,40,72,38.7,-9.42,68.0,2.24,PT,1605699329
351,0,78,45.32,55.2,30.15,10.83,KZ,1605699317
352,100,28,57.9,-5.16,48.99,7.0,GB,1605699330
353,100,89,62.67,135.6,-14.98,1.21,RU,1605699330
354,0,40,33.38,69.88,53.71,4.27,AF,1605699330
355,75,93,58.21,-6.39,50.0,5.82,GB,1605699330
356,3,91,29.96,122.3,70.18,23.15,CN,1605699330
357,92,83,21.65,-101.5,49.37,14.85,MX,1605699330
358,100,72,16.98,73.3,83.46,7.92,IN,1605699330
359,4,56,18.73,-103.68,74.73,3.51,MX,1605699331
360,84,87,-45.87,170.5,50.0,3.0,NZ,1605699331
361,88,82,10.55,119.99,83.32,13.49,PH,1605699331
362,75,88,22.81,-80.08,75.2,10.29,CU,1605699331
363,41,65,-4.97,39.83,84.54,9.37,TZ,1605699331
364,0,49,47.07,51.87,26.6,13.42,KZ,1605699101
365,58,71,60.75,-137.51,5.0,2.24,CA,1605699332
366,90,67,43.21,-75.46,21.0,6.93,US,1605699124
367,0,81,-45.58,-72.07,48.2,1.12,CL,1605699151
368,91,86,11.0,122.67,77.67,7.11,PH,1605699332
369,20,58,41.14,-73.36,30.99,4.7,US,1605699332
370,75,55,38.89,-76.51,37.4,8.05,US,1605699170
371,75,100,50.47,-4.72,57.2,20.8,GB,1605699333
372,11,70,-7.61,-72.9,78.98,2.77,BR,1605699333
373,100,78,5.67,73.0,81.34,14.05,MV,1605699333
374,75,72,-28.87,153.57,66.2,5.82,AU,1605699333
375,0,86,62.62,22.42,42.01,6.93,FI,1605699333
376,18,56,-31.54,-68.54,66.4,9.62,AR,1605699038
377,0,75,70.66,23.68,41.0,8.05,NO,1605699133
378,0,21,24.09,32.91,84.33,6.38,EG,1605699334
379,0,79,57.3,53.87,18.0,6.87,RU,1605699334
380,100,80,-6.22,155.63,80.38,6.89,PG,1605699334
381,40,83,4.41,114.01,84.2,4.7,MY,1605699334
382,76,88,50.68,156.12,30.79,27.6,RU,1605699335
383,75,93,63.73,8.83,41.0,1.12,NO,1605699335
384,100,92,14.3,-91.92,63.0,6.24,GT,1605699335
385,23,69,43.27,-7.54,66.99,8.99,ES,1605699335
386,1,60,44.37,-100.35,41.0,8.05,US,1605699335
387,40,62,-12.9,45.08,86.0,10.29,YT,1605699335
388,20,83,1.49,124.85,80.6,4.41,ID,1605699335
389,96,78,-0.95,100.35,80.62,2.44,ID,1605699065
390,90,100,-17.8,-63.17,71.6,5.82,BO,1605699336
391,40,85,50.1,-91.92,14.0,8.05,CA,1605699336
392,20,83,1.45,125.18,80.6,3.11,ID,1605699336
393,96,82,-37.62,-73.65,52.5,3.65,CL,1605699336
394,0,42,55.77,43.9,26.6,13.42,RU,1605699336
395,90,59,-37.83,140.77,60.8,3.49,AU,1605699072
396,0,17,14.97,8.89,83.73,15.52,NE,1605699337
397,90,93,37.91,-121.6,59.0,8.05,US,1605699337
398,0,21,17.49,44.13,78.8,9.17,SA,1605699337
399,75,77,33.73,135.98,66.2,3.36,JP,1605699337
400,100,91,62.1,126.7,-2.96,4.97,RU,1605699050
401,59,44,36.96,36.2,71.01,2.64,TR,1605699337
402,100,87,67.63,134.63,-8.68,4.9,RU,1605699337
403,100,94,57.33,10.52,52.0,8.01,DK,1605699338
404,40,88,4.64,103.44,84.0,4.7,MY,1605699338
405,43,89,13.49,106.98,76.64,2.08,KH,1605699338
406,10,46,36.76,45.72,51.21,6.64,IR,1605699338
407,0,33,25.18,73.43,75.16,4.03,IN,1605699338
408,75,80,71.0,24.66,41.0,21.92,NO,1605699338
409,40,57,37.55,45.08,48.2,6.93,IR,1605699338
410,96,83,-14.83,-64.9,78.8,5.82,BO,1605699061
411,61,75,5.4,125.46,84.6,18.05,PH,1605699339
412,44,73,2.04,45.34,82.09,13.6,SO,1605699039
413,27,99,34.74,111.88,59.0,11.39,CN,1605699149
414,56,46,-0.48,15.9,89.65,2.15,CG,1605699339
415,91,82,5.38,-52.95,80.83,11.14,GF,1605699339
416,0,82,59.7,150.17,-2.16,11.5,RU,1605699340
417,7,60,-19.98,57.61,78.01,11.99,MU,1605699340
418,0,68,35.5,134.23,68.0,13.87,JP,1605699340
419,40,52,25.36,55.4,87.8,12.75,AE,1605699340
420,75,70,5.88,-10.05,87.8,3.36,LR,1605699340
421,0,43,13.46,14.71,82.87,6.89,TD,1605699340
422,75,79,7.04,134.26,84.2,10.29,PW,1605699340
423,20,87,61.86,25.19,42.8,9.17,FI,1605699341
424,93,85,1.2,-70.17,74.37,2.59,CO,1605699341
425,0,36,29.06,-13.56,80.6,6.93,ES,1605699341
426,2,29,7.13,40.7,73.17,10.27,ET,1605699341
427,97,84,-39.46,173.86,51.01,11.99,NZ,1605699341
428,72,87,13.31,123.34,78.35,3.27,PH,1605699341
429,75,74,6.58,3.75,86.0,5.82,NG,1605699341
430,90,55,64.18,-51.72,39.2,1.12,GL,1605699342
431,100,95,39.82,109.98,28.87,21.07,CN,1605699342
432,100,93,69.3,139.9,-2.85,5.93,RU,1605699342
433,100,96,46.68,113.28,18.59,19.35,MN,1605699342
434,40,75,71.04,27.85,41.0,31.09,NO,1605699342
435,20,62,37.72,-25.43,59.0,14.99,PT,1605699342
436,90,68,43.15,-77.68,27.0,8.05,US,1605699342
437,0,16,13.18,32.74,98.69,8.77,SD,1605699343
438,100,92,57.18,27.67,47.84,12.5,LV,1605699343
439,95,77,46.49,135.88,18.23,1.92,RU,1605699343
440,90,100,60.73,77.59,21.2,6.71,RU,1605699099
441,21,23,-11.37,38.42,99.21,3.67,TZ,1605699343
442,100,85,55.1,-105.28,17.6,10.29,CA,1605699343
443,79,73,-6.88,112.21,84.54,8.81,ID,1605699344
444,0,50,31.22,29.96,75.2,6.93,EG,1605699133
445,78,72,4.42,-7.35,83.66,6.35,CI,1605699344
446,22,14,-16.84,36.99,111.6,0.58,MZ,1605699344
447,90,85,50.23,-63.6,23.0,10.29,CA,1605699344
448,100,91,10.15,-85.45,72.03,2.57,CR,1605699344
449,47,33,-31.0,26.33,80.4,11.23,ZA,1605699344
450,76,88,-4.06,144.07,77.0,2.3,PG,1605699345
451,100,94,53.99,84.74,12.61,8.84,RU,1605699345
452,23,51,0.05,18.26,87.21,3.27,CD,1605699345
453,75,69,-21.15,149.2,78.8,13.87,AU,1605699280
454,0,69,23.3,113.83,82.0,4.47,CN,1605699345
455,90,90,53.0,-122.5,32.0,2.24,CA,1605699345
456,0,18,11.02,29.72,96.93,7.81,SD,1605699346
457,100,98,39.7,122.99,62.01,5.01,CN,1605699346
458,99,81,9.21,123.52,82.54,10.92,PH,1605699346
459,90,93,55.46,-4.63,51.8,11.41,GB,1605699082
460,100,92,54.41,32.44,29.82,17.2,RU,1605699346
461,1,73,20.88,-156.68,75.2,9.17,US,1605698985
462,89,77,-2.88,108.27,82.78,5.88,ID,1605699346
463,90,73,49.84,36.55,26.6,8.95,UA,1605699347
464,71,76,64.57,143.2,-25.69,4.65,RU,1605699347
465,70,79,5.56,95.32,80.38,4.14,ID,1605699302
466,52,42,-38.72,-62.27,64.56,6.62,AR,1605699088
467,75,82,18.2,-73.75,75.67,4.79,HT,1605699347
468,0,33,12.48,-16.55,89.6,11.41,SN,1605699347
469,84,74,-0.72,-48.52,83.64,12.12,BR,1605699347
470,82,91,6.19,-67.49,75.7,9.62,CO,1605699348
471,0,41,36.53,37.95,60.8,0.85,SY,1605699348
472,27,77,43.0,68.0,25.75,6.96,KZ,1605699348
473,20,60,35.51,27.21,68.0,19.46,GR,1605699348
474,97,92,40.8,-124.16,53.01,5.01,US,1605699348
475,72,77,-26.53,151.83,68.0,8.05,AU,1605699348
476,100,87,56.11,10.17,55.4,10.29,DK,1605699349
477,100,81,-7.84,-79.15,63.79,4.16,PE,1605699349
478,87,85,68.35,-133.72,12.2,2.24,CA,1605699349
479,1,44,30.07,-90.48,57.2,11.41,US,1605699157
480,1,50,13.93,41.69,87.03,20.74,ER,1605699349
481,75,73,32.69,128.84,73.4,17.22,JP,1605699349
482,100,79,-3.67,152.43,80.51,4.97,PG,1605699350
483,0,85,51.67,135.7,7.14,5.77,RU,1605699350
484,90,73,49.79,36.08,26.6,8.95,UA,1605699350
485,90,85,48.38,-77.23,14.0,6.93,CA,1605699350
486,75,81,41.2,36.72,51.8,1.12,TR,1605699350
487,100,94,56.54,89.3,12.38,11.86,RU,1605699350
488,48,74,40.73,13.86,66.99,8.01,IT,1605699351
489,100,97,59.12,159.97,15.75,18.01,RU,1605699351
490,100,71,-16.12,23.27,73.74,7.87,ZM,1605699351
491,38,96,45.76,106.27,19.0,6.2,MN,1605699351
492,100,95,54.77,-101.86,17.06,13.44,CA,1605699351
493,100,92,59.53,33.92,32.0,18.99,RU,1605699352
494,75,74,14.35,121.02,84.2,5.82,PH,1605699352
495,97,39,5.52,5.75,96.08,3.44,NG,1605699352
496,100,86,20.03,-96.63,69.19,15.82,MX,1605699352
497,4,56,19.37,79.28,78.62,4.09,IN,1605699352
498,0,88,14.55,-60.84,78.8,15.1,MQ,1605699352
499,93,78,-11.67,-61.19,79.16,4.03,BR,1605699089
500,0,13,13.64,16.49,90.23,12.26,TD,1605699353
501,21,42,25.93,81.98,76.3,3.53,IN,1605699353
502,75,94,24.34,124.16,78.8,8.05,JP,1605699353
503,90,94,53.9,27.57,32.0,15.66,BY,1605699269
504,75,77,33.08,-16.33,69.8,18.34,PT,1605699353
505,52,81,26.92,87.92,54.19,2.06,NP,1605699353
506,40,89,6.12,81.12,84.2,8.05,LK,1605699354
507,90,92,64.5,-165.41,30.2,13.87,US,1605699139
508,88,78,2.67,72.89,82.9,15.14,MV,1605699354
509,20,51,22.87,88.76,84.2,3.36,IN,1605699354
510,75,100,60.15,-1.15,51.8,20.8,GB,1605699354
511,100,86,43.75,-81.72,26.6,3.36,CA,1605699354
512,90,81,65.97,29.18,33.8,9.17,FI,1605699355
513,75,94,51.15,-100.05,23.0,12.75,CA,1605699355
514,47,86,50.57,123.72,16.63,2.1,CN,1605699355
515,87,89,8.5,-82.43,72.39,2.73,PA,1605699356
516,93,46,22.45,77.47,81.34,5.55,IN,1605699356
517,78,84,17.97,-66.91,79.0,6.91,PR,1605699356
518,99,93,62.63,17.94,44.01,2.24,SE,1605699356
519,0,92,52.0,127.7,10.36,5.1,RU,1605699356
520,74,75,-5.67,132.75,84.18,10.56,ID,1605699357
521,90,100,59.66,12.59,55.4,14.99,SE,1605699357
522,97,70,-0.61,-47.36,84.2,13.35,BR,1605699357
523,96,79,-25.41,-52.42,68.65,4.0,BR,1605699357
524,0,17,14.2,24.67,82.13,6.69,SD,1605699357
525,100,91,-7.38,108.21,74.37,1.03,ID,1605699358
526,92,79,-11.74,24.43,74.75,5.1,ZM,1605699358
527,75,74,14.2,121.43,84.2,5.82,PH,1605699358
528,100,82,22.9,-83.16,75.22,20.04,CU,1605699358
529,100,100,-19.06,-169.92,75.2,3.36,NU,1605699358
530,1,62,29.85,-90.11,57.0,12.75,US,1605699066
531,73,41,10.94,-14.3,96.08,0.67,GN,1605699359
532,83,32,21.64,69.61,82.94,14.32,IN,1605699359
533,90,57,-21.34,55.48,78.8,16.11,RE,1605699359
534,100,96,44.17,132.77,28.71,5.66,RU,1605699359
535,50,92,49.76,129.52,10.74,5.61,RU,1605699360
536,90,93,42.42,-122.83,46.4,3.36,US,1605699360
537,47,80,-3.75,-73.25,76.91,2.8,PE,1605699360
538,22,96,48.85,-54.01,32.0,4.7,CA,1605699360
539,2,79,53.44,41.81,25.52,8.77,RU,1605699360
540,90,100,45.01,18.33,52.0,4.7,BA,1605699360
541,50,88,34.67,138.95,57.99,3.31,JP,1605699197
542,74,72,14.23,76.4,76.5,11.45,IN,1605699361
543,1,92,46.53,-87.63,21.99,6.06,US,1605699361
544,40,63,55.7,37.38,30.0,11.18,RU,1605699361
545,8,44,7.74,-2.1,93.38,0.85,GH,1605699361
546,75,69,-20.52,57.52,77.0,11.41,MU,1605699362
547,0,65,29.27,82.18,38.97,3.2,NP,1605699362
548,97,88,-21.04,-40.82,75.18,7.31,BR,1605699362
549,90,86,39.18,-84.53,34.0,3.36,US,1605699362
550,12,92,26.19,107.51,63.88,5.44,CN,1605699363
551,48,14,14.73,0.92,93.04,12.35,NE,1605699363
